{"cameraMode":{"drawMode":0,"name":"Shaded","section":"Shading Mode"},"sceneLighting":true,"audioPlay":false,"sceneViewState":{"showFog":true,"showMaterialUpdate":false,"showSkybox":true,"showFlares":true,"showImageEffects":true,"showParticleSystems":true},"in2DMode":false,"pivot":{"x":-9.046406745910645,"y":-4.494467258453369,"z":18.749679565429689},"rotation":{"x":-0.10401349514722824,"y":0.21806053817272187,"z":-0.023373473435640336,"w":-0.970119059085846},"size":29.48347282409668,"orthographic":false}