{"cameraMode":{"drawMode":0,"name":"Shaded","section":"Shading Mode"},"sceneLighting":true,"audioPlay":false,"sceneViewState":{"showFog":true,"showMaterialUpdate":false,"showSkybox":true,"showFlares":true,"showImageEffects":true,"showParticleSystems":true},"in2DMode":false,"pivot":{"x":50.53001022338867,"y":6.674934387207031,"z":14.178421020507813},"rotation":{"x":0.005683917086571455,"y":-0.054870784282684329,"z":-0.00030851102201268077,"w":-0.9984979629516602},"size":25.836267471313478,"orthographic":false}