{"cameraMode":{"drawMode":0,"name":"Shaded","section":"Shading Mode"},"sceneLighting":true,"audioPlay":false,"sceneViewState":{"showFog":true,"showMaterialUpdate":false,"showSkybox":true,"showFlares":true,"showImageEffects":true,"showParticleSystems":true},"in2DMode":false,"pivot":{"x":34.07245635986328,"y":5.662494659423828,"z":6.2680277824401859},"rotation":{"x":-0.11066945642232895,"y":0.08545961230993271,"z":-0.009550991468131543,"w":-0.9901353716850281},"size":16.44620704650879,"orthographic":false}